meeting_id,meeting_title,meeting_date,meeting_time,meeting_type,meeting_location,chairperson_id,secretary_id,meeting_status,agenda_items,participants,quorum_achieved,meeting_duration_minutes,key_decisions,action_items,follow_up_required,meeting_notes,strategic_theme,quarter,fiscal_year,budget_impact,risk_level,compliance_required,external_participants,meeting_materials,approval_required,decision_deadline,implementation_timeline,success_metrics,notes
MTG001,Q4 2023 Strategic Planning Session,2023-12-15,09:00:00,Strategic Planning,Board Room,EXEC001,EXEC010,Completed,"2024 Strategic Goals|Digital Transformation|Market Expansion|Risk Assessment","EXEC001|EXEC002|EXEC003|EXEC004|EXEC005",Yes,180,"Approve 2024 Strategic Plan|Launch Digital Banking Platform|Expand to 3 New Markets|Implement Enhanced Risk Framework","Develop Digital Platform Roadmap|Conduct Market Analysis|Update Risk Framework|Establish Success Metrics",Yes,"Comprehensive strategic planning session for 2024 with focus on digital transformation and market expansion",Digital Transformation,Q4,2024,5000000,Medium,Yes,"Board Members|Consultants","Strategic Plan 2024|Market Analysis|Risk Assessment",Yes,2024-01-15,2024-12-31,"Revenue Growth 15%|Digital Adoption 80%|Market Share 25%",Key strategic planning session setting 2024 direction
MTG002,2024 Budget Approval Meeting,2023-12-20,14:00:00,Budget Planning,Conference Room A,EXEC002,EXEC007,Completed,"2024 Budget Review|Capital Allocation|Cost Optimization|Revenue Projections","EXEC001|EXEC002|EXEC003|EXEC004|EXEC006|EXEC009",Yes,120,"Approve 2024 Budget|Allocate Capital Projects|Implement Cost Optimization|Set Revenue Targets","Finalize Budget Details|Develop Cost Optimization Plan|Establish Revenue Tracking|Monitor Capital Projects",Yes,"Budget approval meeting with focus on capital allocation and cost optimization",Financial Performance,Q4,2024,25000000,Low,Yes,"Board Finance Committee|Auditors","Budget 2024|Capital Plan|Cost Analysis",Yes,2024-01-01,2024-12-31,"ROE 12%|Cost Efficiency 85%|Revenue Growth 15%",Critical budget approval for 2024 operations
MTG003,Digital Transformation Kickoff,2024-01-10,10:00:00,Project Launch,Innovation Center,EXEC005,EXEC003,Completed,"Digital Platform Architecture|Technology Stack|Implementation Timeline|Resource Allocation","EXEC001|EXEC003|EXEC005|EXEC010",Yes,150,"Approve Digital Platform Design|Select Technology Partners|Establish Implementation Timeline|Allocate Resources","Finalize Platform Design|Select Technology Vendors|Develop Implementation Plan|Establish Project Team",Yes,"Digital transformation kickoff with focus on platform architecture and implementation",Digital Innovation,Q1,2024,3000000,Medium,No,"Technology Partners|Consultants","Platform Design|Technology Assessment|Implementation Plan",Yes,2024-02-01,2024-12-31,"Digital Adoption 80%|Platform Launch|Customer Satisfaction 4.5",Major digital transformation initiative launch
MTG004,Q1 2024 Performance Review,2024-04-15,09:00:00,Performance Review,Board Room,EXEC001,EXEC002,Completed,"Q1 Performance Metrics|KPI Review|Strategic Goal Progress|Market Analysis","EXEC001|EXEC002|EXEC003|EXEC004|EXEC006|EXEC009",Yes,120,"Q1 Performance Assessment|Strategic Goal Progress|Market Position Review|Performance Improvement Plan","Develop Performance Improvement Plan|Update Strategic Goals|Enhance Market Analysis|Implement Corrective Actions",Yes,"Q1 performance review with focus on strategic goal achievement and market position",Performance Management,Q1,2024,0,Low,No,"Board Members","Q1 Performance Report|KPI Dashboard|Market Analysis",No,2024-04-30,2024-12-31,"KPI Achievement 85%|Strategic Goal Progress|Market Share Growth",Quarterly performance assessment and strategic review
MTG005,Risk Management Committee,2024-01-25,14:00:00,Risk Assessment,Conference Room B,EXEC004,EXEC008,Completed,"Risk Assessment|Compliance Review|Regulatory Updates|Internal Controls","EXEC002|EXEC004|EXEC008|EXEC015",Yes,90,"Approve Risk Framework Updates|Compliance Program Enhancements|Regulatory Compliance Plan|Internal Control Improvements","Update Risk Framework|Enhance Compliance Program|Implement Control Improvements|Monitor Regulatory Changes",Yes,"Risk management committee meeting focusing on regulatory compliance and internal controls",Risk Management,Q1,2024,500000,High,Yes,"Regulators|Auditors","Risk Assessment|Compliance Report|Regulatory Updates",Yes,2024-02-15,2024-06-30,"Risk Score 95%|Compliance Status 100%|Loss Rate 0.5%",Critical risk management and compliance review
MTG006,Market Expansion Strategy,2024-02-15,10:00:00,Strategic Planning,Strategy Room,EXEC009,EXEC006,Completed,"Market Analysis|Expansion Opportunities|Resource Requirements|Implementation Strategy","EXEC001|EXEC003|EXEC006|EXEC009",Yes,120,"Approve Market Expansion Plan|Select Target Markets|Allocate Resources|Establish Timeline","Conduct Market Research|Develop Expansion Strategy|Allocate Resources|Establish Implementation Plan",Yes,"Market expansion strategy meeting with focus on geographic growth and market opportunities",Market Expansion,Q1,2024,2000000,Medium,No,"Market Research Firms|Consultants","Market Analysis|Expansion Strategy|Resource Plan",Yes,2024-03-15,2024-12-31,"Market Share 25%|Geographic Expansion|Revenue Growth 20%",Strategic market expansion planning
MTG007,Technology Infrastructure Review,2024-03-01,14:00:00,Technology Planning,IT Conference Room,EXEC005,EXEC009,Completed,"Infrastructure Assessment|Technology Roadmap|Security Review|Capacity Planning","EXEC003|EXEC005|EXEC010",Yes,90,"Approve Technology Roadmap|Security Enhancement Plan|Infrastructure Upgrades|Capacity Planning","Develop Technology Roadmap|Implement Security Enhancements|Plan Infrastructure Upgrades|Monitor Capacity",Yes,"Technology infrastructure review with focus on security and capacity planning",Technology Innovation,Q1,2024,1500000,Medium,No,"Technology Vendors|Security Consultants","Infrastructure Assessment|Technology Roadmap|Security Review",Yes,2024-03-30,2024-12-31,"System Uptime 99.9%|Security Score 95%|Capacity Utilization 85%",Technology infrastructure and security planning
MTG008,Q2 2024 Strategic Review,2024-07-15,09:00:00,Strategic Review,Board Room,EXEC001,EXEC002,Completed,"Mid-Year Strategic Review|Goal Progress Assessment|Market Analysis|Strategic Adjustments","EXEC001|EXEC002|EXEC003|EXEC004|EXEC009",Yes,150,"Mid-Year Strategic Assessment|Goal Progress Review|Strategic Adjustments|Performance Improvement","Update Strategic Goals|Implement Adjustments|Enhance Performance|Monitor Progress",Yes,"Mid-year strategic review with focus on goal achievement and strategic adjustments",Strategic Management,Q2,2024,0,Low,No,"Board Members","Mid-Year Review|Strategic Assessment|Performance Report",No,2024-07-30,2024-12-31,"Strategic Goal Achievement|Performance Improvement|Market Position",Mid-year strategic assessment and adjustment
MTG009,Compliance and Regulatory Update,2024-03-15,14:00:00,Compliance Review,Compliance Office,EXEC008,EXEC004,Completed,"Regulatory Updates|Compliance Status|Audit Results|Policy Updates","EXEC002|EXEC004|EXEC008|EXEC015",Yes,90,"Compliance Status Review|Policy Updates|Audit Response|Regulatory Compliance","Update Compliance Policies|Respond to Audit Findings|Monitor Regulatory Changes|Enhance Compliance Program",Yes,"Compliance and regulatory update meeting with focus on audit results and policy updates",Regulatory Compliance,Q1,2024,300000,High,Yes,"Regulators|Auditors","Compliance Report|Audit Results|Regulatory Updates",Yes,2024-04-15,2024-06-30,"Compliance Score 98%|Audit Results|Regulatory Status",Critical compliance and regulatory review
MTG010,2024 Annual Planning Session,2024-11-15,09:00:00,Annual Planning,Board Room,EXEC001,EXEC010,Completed,"2024 Performance Review|2025 Strategic Planning|Market Analysis|Resource Planning","EXEC001|EXEC002|EXEC003|EXEC004|EXEC005|EXEC009",Yes,240,"2024 Performance Assessment|2025 Strategic Plan Approval|Market Analysis Review|Resource Allocation","Develop 2025 Strategic Plan|Conduct Market Analysis|Plan Resource Allocation|Establish 2025 Goals",Yes,"Annual planning session with comprehensive review of 2024 performance and 2025 strategic planning",Strategic Planning,Q4,2025,0,Low,No,"Board Members|Consultants","2024 Performance Review|2025 Strategic Plan|Market Analysis",Yes,2024-12-15,2025-12-31,"2024 Goal Achievement|2025 Strategic Plan|Market Position",Annual strategic planning and performance review 