executive_id,employee_id,executive_title,executive_level,department_oversight,strategic_focus_areas,board_member,compensation_package,equity_stake,performance_metrics,strategic_initiatives,risk_tolerance,decision_authority,reporting_structure,succession_plan,mentor_id,key_performance_indicators,strategic_goals,industry_experience_years,regulatory_relationships,stakeholder_relationships,notes
EXEC001,EMP001,Chief Executive Officer,1,All Departments,"Digital Transformation|Market Expansion|Risk Management",Yes,850000,0.15,"Revenue Growth|Market Share|Customer Satisfaction|Risk Metrics","Digital Banking Platform|Geographic Expansion|Product Innovation",Moderate,Full Authority,Board of Directors,EMP002,EMP002,"Revenue Growth 15%|Market Share 25%|Digital Adoption 80%","Market Leadership|Customer Experience|Operational Excellence",25,"Federal Reserve|FDIC|OCC","Board|Shareholders|Regulators|Customers",Visionary leader driving digital transformation
EXEC002,EMP002,Chief Financial Officer,1,Finance|Risk|Compliance,"Financial Performance|Risk Management|Regulatory Compliance",Yes,650000,0.08,"Profitability|Capital Adequacy|Risk Metrics|Compliance","Cost Optimization|Capital Management|Risk Framework",Conservative,Financial Authority,CEO,EMP003,EMP001,"ROE 12%|Cost Efficiency 85%|Capital Ratio 12%","Financial Excellence|Risk Management|Regulatory Compliance",20,"Federal Reserve|FDIC|SEC","Board|Auditors|Regulators|Investors",Experienced CFO with strong regulatory background
EXEC003,EMP003,Chief Operating Officer,1,Operations|Technology|Customer Service,"Operational Excellence|Technology Innovation|Customer Experience",No,600000,0.06,"Operational Efficiency|Customer Satisfaction|Technology Metrics","Process Optimization|Digital Innovation|Customer Journey",Moderate,Operational Authority,CEO,EMP004,EMP001,"Operational Efficiency 90%|Customer Satisfaction 4.5|Digital Adoption 75%","Operational Excellence|Digital Innovation|Customer Experience",18,"Industry Groups|Technology Partners","Operations Teams|Technology Partners|Customers",Operations expert driving digital transformation
EXEC004,EMP004,Chief Risk Officer,1,Risk Management|Compliance,"Risk Management|Regulatory Compliance|Internal Controls",No,550000,0.05,"Risk Metrics|Compliance Status|Loss Prevention","Risk Framework|Compliance Program|Internal Controls",Conservative,Risk Authority,CEO,EMP005,EMP002,"Risk-Adjusted Return 10%|Compliance Score 98%|Loss Rate 0.5%","Risk Excellence|Regulatory Compliance|Loss Prevention",22,"Federal Reserve|FDIC|OCC","Regulators|Auditors|Risk Teams",Risk management specialist with regulatory expertise
EXEC005,EMP005,Chief Technology Officer,1,Technology|Digital Banking,"Technology Innovation|Digital Banking|Cybersecurity",No,700000,0.07,"Technology Performance|Digital Adoption|Security Metrics","Digital Platform|Cybersecurity|Technology Infrastructure",Moderate,Technology Authority,CEO,EMP006,EMP003,"Digital Adoption 80%|System Uptime 99.9%|Security Score 95%","Digital Innovation|Cybersecurity|Technology Excellence",15,"Technology Partners|Security Vendors","Technology Teams|Vendors|Customers",Technology leader driving digital transformation
EXEC006,EMP006,Chief Marketing Officer,1,Marketing|Sales|Customer Experience,"Market Growth|Brand Development|Customer Acquisition",No,500000,0.04,"Market Share|Customer Acquisition|Brand Metrics","Market Expansion|Brand Development|Customer Strategy",Moderate,Marketing Authority,CEO,EMP007,EMP003,"Market Share 15%|Customer Acquisition 20%|Brand Recognition 85%","Market Leadership|Brand Excellence|Customer Growth",12,"Marketing Partners|Industry Groups","Marketing Teams|Agencies|Customers",Marketing expert driving brand and market growth
EXEC007,EMP007,Chief Human Resources Officer,1,Human Resources|Training,"Talent Management|Organizational Development|Employee Engagement",No,450000,0.04,"Employee Satisfaction|Talent Retention|Performance Metrics","Talent Strategy|Organizational Development|Employee Programs",Moderate,HR Authority,CEO,EMP008,EMP001,"Employee Satisfaction 4.2|Talent Retention 90%|Performance Score 85%","Talent Excellence|Organizational Development|Employee Engagement",16,"HR Associations|Training Partners","HR Teams|Employees|Unions",HR leader focused on talent and organizational development
EXEC008,EMP008,Chief Legal Officer,1,Legal|Compliance,"Legal Affairs|Regulatory Compliance|Corporate Governance",No,600000,0.05,"Legal Risk|Compliance Status|Governance Metrics","Legal Framework|Compliance Program|Corporate Governance",Conservative,Legal Authority,CEO,EMP009,EMP004,"Legal Risk Score 95%|Compliance Status 100%|Governance Score 98%","Legal Excellence|Regulatory Compliance|Corporate Governance",18,"Regulatory Bodies|Legal Associations","Legal Teams|Regulators|Board",Legal expert ensuring regulatory compliance and governance
EXEC009,EMP009,Chief Strategy Officer,1,Strategy|Business Development,"Strategic Planning|Business Development|Market Analysis",No,550000,0.05,"Strategic Metrics|Business Development|Market Performance","Strategic Initiatives|Business Development|Market Analysis",Moderate,Strategy Authority,CEO,EMP010,EMP001,"Strategic Goals Achievement 85%|Business Development 25%|Market Analysis Score 90%","Strategic Excellence|Business Development|Market Leadership",14,"Industry Groups|Consulting Partners","Strategy Teams|Partners|Stakeholders",Strategy expert driving business development and market analysis
EXEC010,EMP010,Chief Data Officer,1,Data|Analytics|Business Intelligence,"Data Strategy|Analytics|Business Intelligence",No,500000,0.04,"Data Quality|Analytics Performance|Business Intelligence","Data Strategy|Analytics Platform|Business Intelligence",Moderate,Data Authority,CEO,EMP011,EMP005,"Data Quality Score 95%|Analytics Performance 90%|BI Adoption 80%","Data Excellence|Analytics Innovation|Business Intelligence",12,"Data Partners|Analytics Vendors","Data Teams|Analytics Users|Stakeholders",Data expert driving analytics and business intelligence 