drug_name,form,total_demand,total_orders,total_stockouts,total_expired,current_inventory,reorder_point,order_quantity,safety_stock,lead_time_days,service_level_percent,waste_rate_percent
Abacavir,Injection,638,6,1,7,416,94,90,23,5,97.71,17.08
Abatacept,Ointment,204,25,5,21,382,38,194,50,10,97.63,30.97
Abemaciclib,Ointment,786,11,3,20,325,87,190,9,12,92.6,15.53
Abiraterone,Ointment,838,35,1,29,132,80,194,47,7,91.47,33.49
Acamprosate,Syrup,313,11,3,13,296,34,165,10,13,97.19,12.08
Acarbose,Ointment,364,31,0,41,495,75,152,50,14,94.76,46.48
Acebutolol,Capsule,600,49,4,24,366,87,172,41,4,97.69,10.75
Acetaminophen,Capsule,233,13,5,43,213,59,94,27,4,98.03,12.34
Acetazolamide,Syrup,693,10,3,30,204,65,168,46,7,94.63,10.81
Acetylcysteine,Syrup,810,17,4,28,434,20,81,43,10,96.43,10.6
Acitretin,Capsule,348,7,1,11,330,32,137,24,4,99.88,24.42
Aclidinium,Ointment,368,24,2,20,130,57,200,34,3,94.46,17.12
Acrivastine,Tablet,387,24,5,0,269,35,147,16,12,95.78,43.04
Adalimumab,Tablet,361,14,1,50,112,39,74,31,6,95.29,5.36
Adapalene,Ointment,702,40,4,40,420,64,148,24,2,99.27,29.98
Adefovir,Ointment,908,46,2,15,276,60,103,24,4,90.36,35.84
Afatinib,Syrup,548,27,5,40,414,45,85,28,2,98.54,19.94
Aflibercept,Capsule,443,40,3,10,82,93,44,16,13,96.05,6.69
Agalsidase,Capsule,591,38,1,14,298,59,69,47,12,91.13,46.67
Albendazole,Injection,299,37,2,44,463,60,183,22,6,95.8,30.8
Albuterol,Ointment,240,27,1,31,455,32,192,6,7,96.5,24.48
Alclometasone,Injection,256,16,0,44,295,65,26,36,2,97.64,43.01
Alectinib,Injection,590,42,5,36,450,28,192,43,5,90.15,21.09
Alendronate,Capsule,283,39,2,20,60,74,23,34,4,99.51,41.43
Alfentanil,Ointment,483,31,5,24,332,99,111,46,5,93.23,0.29
Alfuzosin,Injection,717,38,4,4,414,88,169,18,8,95.18,22.38
Alimemazine,Injection,494,14,3,37,324,39,149,24,3,93.21,43.29
Aliskiren,Capsule,286,30,2,5,256,22,101,30,13,95.32,40.07
Allopurinol,Syrup,935,6,0,6,394,22,114,25,2,91.67,21.38
Almotriptan,Tablet,709,50,1,35,495,66,56,7,13,95.29,22.94
Alogliptin,Injection,201,12,0,12,73,71,185,32,12,92.76,26.18
Alosetron,Capsule,537,39,5,10,413,43,51,22,3,95.14,41.96
Alprazolam,Injection,722,27,3,42,363,87,37,34,9,97.56,26.46
Alprostadil,Syrup,877,30,0,23,381,68,118,21,9,96.14,8.76
Alteplase,Tablet,158,47,4,37,345,65,109,25,9,99.98,47.75
Amantadine,Ointment,791,27,2,50,114,43,163,46,2,90.89,5.19
Ambrisentan,Capsule,333,24,0,20,288,41,176,5,9,95.21,45.27
Amcinonide,Ointment,843,23,3,6,240,19,177,18,8,92.54,26.31
Amifampridine,Injection,597,29,3,29,53,60,177,20,11,95.39,24.6
Amikacin,Tablet,443,40,1,10,164,65,76,14,3,99.74,38.81
Amiloride,Injection,843,24,5,36,119,100,144,50,8,94.22,43.82
Aminocaproic,Capsule,829,7,3,38,378,23,178,34,4,90.8,18.76
Aminoglutethimide,Injection,193,12,2,20,281,100,146,5,11,91.8,26.7
Aminolevulinic,Tablet,701,19,3,11,153,43,152,28,14,90.7,1.1
Aminophylline,Syrup,146,22,2,10,233,45,72,50,4,99.62,9.01
Amiodarone,Ointment,823,30,4,41,74,72,95,21,11,90.7,38.38
Amisulpride,Capsule,682,17,1,22,321,56,111,29,6,93.62,31.12
Amitriptyline,Injection,976,43,1,0,163,82,102,41,1,99.9,4.78
Amoxicillin,Tablet,105,50,3,12,478,66,94,34,7,91.01,42.02
Amphotericin,Injection,520,19,2,2,255,89,124,8,2,93.33,0.2
Ampicillin,Syrup,484,5,5,11,157,43,152,28,6,94.25,2.93
Amprenavir,Tablet,758,25,1,29,362,23,184,39,1,97.59,31.36
Amrubicin,Ointment,578,5,5,31,389,91,92,23,4,96.17,26.33
Amyl Nitrite,Injection,273,24,3,47,201,45,121,43,10,95.26,41.2
Anagrelide,Tablet,142,46,5,10,105,97,156,36,13,94.09,16.29
Anakinra,Tablet,441,30,3,43,388,62,64,48,14,96.96,26.05
Anastrozole,Syrup,469,16,0,46,455,77,195,24,8,92.0,20.71
Apalutamide,Injection,362,23,2,17,391,49,144,48,12,95.06,5.91
Apixaban,Syrup,210,20,2,22,332,54,178,7,7,96.99,29.87
Apremilast,Capsule,684,31,4,39,355,77,61,24,10,99.3,2.24
Aprepitant,Syrup,103,5,5,25,138,53,189,18,5,92.5,49.56
Aripiprazole,Tablet,596,18,2,43,148,68,72,20,5,90.29,20.11
Armodafinil,Tablet,750,48,2,30,195,17,176,27,11,98.52,24.31
Arsenic Trioxide,Syrup,742,17,4,47,220,66,31,15,6,95.9,11.38
Artemether,Syrup,286,7,5,22,217,48,149,13,2,97.8,9.39
Artesunate,Capsule,152,34,2,39,465,36,167,25,7,97.17,15.54
Asenapine,Syrup,636,27,0,6,71,45,76,7,5,91.39,45.67
Asparaginase,Ointment,649,8,2,27,176,92,166,8,9,91.26,19.92
Aspirin,Ointment,733,42,5,18,200,78,77,33,13,91.99,48.03
Atazanavir,Ointment,522,44,3,22,260,54,154,22,12,98.81,33.53
Atenolol,Tablet,223,34,1,14,388,53,140,19,2,96.13,13.59
Atomoxetine,Injection,133,5,3,33,310,65,192,38,7,90.86,24.22
Atorvastatin,Tablet,980,36,1,15,173,79,124,9,13,92.79,27.41
Atovaquone,Ointment,975,22,3,41,85,62,105,17,5,93.34,42.53
Atracurium,Ointment,525,25,5,3,422,35,114,20,8,90.86,25.74
Atropine,Capsule,503,13,2,49,458,91,183,49,4,92.61,39.13
Auranofin,Syrup,727,10,4,9,141,15,45,24,12,92.98,4.77
Avanafil,Ointment,539,27,0,11,352,61,175,41,12,92.03,8.7
Avapritinib,Ointment,314,7,3,32,480,27,179,50,6,98.84,38.91
Axitinib,Tablet,378,43,4,28,467,96,167,26,5,99.14,2.81
Azacitidine,Ointment,446,9,2,15,329,23,82,25,10,93.95,23.84
Azathioprine,Injection,368,42,5,5,468,96,188,14,8,95.74,45.27
Azelastine,Syrup,546,31,1,4,271,54,104,24,9,98.86,1.94
Azilsartan,Injection,119,13,4,13,59,92,148,17,9,95.09,19.52
Azithromycin,Injection,974,22,1,8,236,42,84,5,12,95.41,46.13
Bacitracin,Injection,328,27,2,46,93,64,32,25,4,97.7,16.59
Baclofen,Ointment,316,24,0,8,394,39,38,18,4,90.12,19.18
Balsalazide,Syrup,350,44,4,6,177,67,169,9,12,91.56,22.11
Bamlanivimab,Capsule,149,43,0,16,269,30,194,23,9,92.96,22.47
Baricitinib,Syrup,569,16,5,32,266,96,20,21,5,92.05,43.25
Basiliximab,Syrup,224,34,4,16,99,53,152,38,6,90.07,6.41
Beclomethasone,Syrup,661,11,5,40,371,57,188,7,6,97.46,20.33
Belatacept,Ointment,192,44,1,6,468,31,171,43,3,90.23,9.86
Belimumab,Tablet,456,26,1,31,134,34,90,17,14,97.99,29.82
Bempedoic,Injection,357,28,4,33,376,21,153,23,7,98.01,31.7
Benazepril,Capsule,630,50,4,13,166,61,39,18,7,92.92,22.37
Bendamustine,Syrup,519,16,2,39,290,50,171,11,11,97.78,1.07
Benralizumab,Injection,994,28,1,11,109,69,78,20,12,97.27,16.96
Benzocaine,Injection,638,32,3,31,291,60,58,19,7,91.46,48.16
Benzonatate,Injection,129,30,3,7,268,56,199,36,12,93.0,21.14
Benztropine,Ointment,264,20,1,23,366,19,65,34,9,90.85,33.08
Bepotastine,Capsule,434,9,5,48,152,45,60,50,3,93.54,28.3
Betahistine,Syrup,493,24,3,37,358,41,159,39,9,90.14,34.17
Betamethasone,Injection,116,32,3,18,456,52,150,42,13,98.92,35.73
Betaxolol,Injection,599,20,4,14,57,39,64,27,13,92.32,3.43
Bethanechol,Ointment,841,8,1,19,189,90,180,43,6,90.6,18.97
Bevacizumab,Ointment,845,36,5,33,272,41,28,14,1,99.78,22.12
Bexarotene,Tablet,351,49,4,13,51,17,162,8,11,97.26,9.6
Bicalutamide,Injection,245,32,3,49,98,84,88,15,11,93.17,42.31
Bimatoprost,Tablet,710,21,3,39,352,94,188,43,13,98.23,47.5
Bisacodyl,Ointment,504,9,0,5,210,99,195,21,13,98.87,8.38
Bismuth,Tablet,929,49,3,21,303,72,171,12,4,93.17,0.93
Bisoprolol,Capsule,833,34,2,46,201,85,145,20,4,98.77,32.43
Bivalirudin,Injection,292,18,1,15,306,84,99,7,2,99.94,16.09
Bleomycin,Syrup,567,24,3,37,351,16,95,36,5,90.11,3.72
Bortezomib,Ointment,427,28,2,4,376,26,148,19,6,98.85,38.65
Bosentan,Injection,863,28,4,31,66,18,178,38,9,92.95,4.37
Bosutinib,Syrup,838,50,3,47,52,74,23,13,14,90.03,21.59
Botulinum,Capsule,584,21,4,3,339,14,97,42,14,90.21,48.8
Brexpiprazole,Syrup,122,37,0,40,207,89,192,37,12,90.27,46.31
Brigatinib,Syrup,404,23,3,26,275,78,162,43,8,93.06,42.88
Brimonidine,Ointment,811,16,2,5,294,99,128,48,8,91.52,44.73
Brinzolamide,Ointment,135,32,5,34,317,57,104,31,10,93.92,24.59
Bromfenac,Tablet,323,29,0,46,349,87,89,22,12,98.23,43.18
Bromocriptine,Syrup,621,30,5,24,212,37,194,39,1,95.38,48.09
Budesonide,Capsule,735,17,5,40,145,99,56,13,6,95.07,34.72
Bumetanide,Ointment,521,18,5,0,500,64,107,42,10,91.13,38.1
Bupivacaine,Ointment,246,47,2,17,119,80,63,27,9,98.14,11.63
Buprenorphine,Syrup,342,25,1,24,293,94,31,38,4,90.53,43.42
Bupropion,Capsule,115,48,0,45,100,42,118,44,14,95.6,31.99
Buspirone,Tablet,192,35,0,1,297,21,200,49,5,94.25,27.49
Busulfan,Capsule,698,9,2,39,424,24,125,43,5,95.42,6.28
Cabazitaxel,Capsule,336,5,5,5,209,100,140,50,1,94.39,34.11
Cabergoline,Tablet,430,20,5,6,65,78,88,11,13,94.39,26.39
Cabozantinib,Syrup,891,48,1,47,137,26,132,33,6,98.44,17.65
Calcitonin,Injection,923,30,1,28,164,64,159,39,3,93.24,49.01
Calcitriol,Syrup,827,16,2,18,398,46,37,27,4,96.53,32.13
Calcium,Tablet,286,26,3,40,142,15,87,50,3,98.89,49.39
Canagliflozin,Ointment,592,40,0,42,155,27,197,29,2,96.25,39.82
Canakinumab,Injection,437,50,2,36,347,85,145,39,5,94.69,21.65
Candesartan,Injection,507,43,0,37,403,39,105,43,10,91.07,43.98
Capecitabine,Tablet,502,7,4,22,323,19,161,32,3,95.46,30.95
Capreomycin,Ointment,263,44,3,38,445,35,121,35,12,95.67,22.85
Capsaicin,Syrup,868,29,2,3,143,12,29,23,14,96.87,49.94
Captopril,Capsule,187,18,3,11,228,48,38,37,3,96.65,34.11
Carbamazepine,Capsule,836,21,4,48,109,93,147,37,3,97.36,41.88
Carbidopa,Ointment,942,19,0,44,77,12,32,23,14,97.44,44.52
Carboplatin,Injection,510,31,5,47,487,27,22,41,3,99.28,6.38
Carfilzomib,Capsule,347,10,0,45,500,81,88,35,10,97.88,39.84
Cariprazine,Injection,453,48,4,44,74,52,88,42,12,95.93,18.28
Carmustine,Syrup,479,32,2,22,178,41,200,5,13,96.54,43.96
Carvedilol,Capsule,436,44,1,16,474,55,139,39,8,95.12,8.21
Caspofungin,Syrup,797,44,1,11,432,99,180,35,5,99.65,1.42
Cefaclor,Syrup,520,44,1,43,61,83,21,26,2,95.03,19.14
Cefadroxil,Tablet,208,41,4,0,260,20,116,35,5,96.37,28.31
Cefazolin,Syrup,142,37,2,12,71,67,146,45,5,95.46,5.37
Cefdinir,Capsule,473,45,3,21,123,84,49,18,10,96.46,26.64
Cefditoren,Capsule,136,41,5,30,413,43,139,21,12,97.55,11.98
Cefepime,Tablet,538,43,0,32,205,33,56,31,9,97.42,37.62
Cefixime,Injection,365,41,4,8,391,41,199,28,12,98.39,32.15
Cefoperazone,Capsule,324,26,2,6,439,82,97,41,3,92.57,38.38
Cefotaxime,Injection,833,34,3,44,365,90,186,28,8,91.95,39.43
Cefpodoxime,Capsule,605,43,1,41,224,60,76,32,6,99.28,31.96
Ceftaroline,Injection,666,32,3,7,459,11,36,32,14,97.35,11.41
Ceftazidime,Tablet,587,15,3,30,137,51,32,6,5,98.97,42.97
Ceftibuten,Ointment,827,9,4,26,477,49,46,33,7,93.0,10.73
Ceftriaxone,Syrup,964,14,2,23,116,51,130,12,8,91.05,16.07
Cefuroxime,Syrup,218,30,1,32,184,12,137,22,2,93.15,49.24
Celecoxib,Injection,155,12,5,0,191,21,20,21,7,94.44,1.27
Cemiplimab,Capsule,326,27,5,26,320,90,68,12,9,94.74,44.88
Ceritinib,Capsule,366,33,4,14,299,49,21,17,11,91.21,19.96
Certolizumab,Capsule,506,50,2,5,334,87,53,15,7,90.61,18.88
Cetirizine,Capsule,653,34,0,16,477,66,24,35,10,90.6,13.86
Cetuximab,Capsule,741,20,5,32,293,14,42,36,7,98.67,0.92
Cevimeline,Ointment,127,16,2,39,339,25,151,19,14,96.83,11.09
Chlorambucil,Ointment,382,35,2,49,84,35,158,21,5,91.04,15.41
Chlordiazepoxide,Ointment,735,7,4,0,245,61,59,6,4,98.26,8.16
Chlorhexidine,Ointment,746,44,0,33,354,11,163,35,11,91.32,9.85
Chloroquine,Capsule,287,29,4,13,187,12,141,23,10,98.1,44.58
Chlorpheniramine,Ointment,555,13,5,12,376,60,79,50,6,90.7,35.02
Chlorpromazine,Injection,343,23,5,34,477,100,69,11,6,93.53,42.47
Chlorthalidone,Injection,722,50,1,5,175,73,192,29,14,97.76,49.83
Cholecalciferol,Capsule,590,28,1,50,387,18,188,44,13,96.95,40.67
Cholestyramine,Injection,680,17,0,14,284,59,32,15,14,99.67,30.55
Ciclesonide,Capsule,632,22,2,0,228,57,189,26,8,99.73,24.93
Ciclosporin,Syrup,378,39,3,40,422,53,198,25,14,99.81,5.16
Cidofovir,Tablet,792,47,2,50,183,43,104,11,14,92.4,29.59
Cilostazol,Capsule,876,19,2,17,450,47,82,6,1,93.38,35.51
Cimetidine,Ointment,100,26,5,38,355,100,50,42,12,92.91,21.46
Cinacalcet,Ointment,789,21,1,25,318,100,52,43,13,94.72,11.5
Ciprofloxacin,Ointment,197,31,3,45,392,10,58,9,3,97.48,13.27
Cisatracurium,Injection,197,39,4,35,320,65,195,46,14,95.48,5.11
Cisplatin,Syrup,277,7,5,30,172,96,108,40,14,93.59,35.06
Citalopram,Injection,166,21,5,25,316,85,163,19,6,99.42,29.34
Cladribine,Injection,376,37,4,48,398,82,67,34,12,91.33,44.76
Clarithromycin,Injection,585,21,2,46,214,31,53,20,13,95.01,24.18
Clavulanate,Capsule,393,47,1,41,110,27,188,47,5,99.86,28.11
Clemastine,Syrup,510,18,5,28,54,100,189,37,4,95.17,13.83
Clenbuterol,Injection,825,35,0,41,380,45,177,38,3,91.83,6.3
Clindamycin,Syrup,755,22,0,12,461,55,154,8,12,99.26,23.97
Clobazam,Syrup,871,27,3,42,162,42,53,49,5,96.12,16.22
Clobetasol,Injection,982,24,2,16,73,26,91,5,1,98.81,45.86
Clodronate,Capsule,361,34,1,2,77,98,73,49,11,99.44,44.26
Clofarabine,Capsule,389,5,3,41,400,21,97,31,7,95.93,36.38
Clofazimine,Ointment,139,8,3,12,385,84,161,42,7,95.62,25.04
Clomiphene,Injection,302,33,1,50,455,15,52,43,4,94.03,15.8
Clomipramine,Injection,123,30,4,29,66,12,80,25,5,93.56,48.72
Clonazepam,Tablet,201,7,2,40,294,41,162,8,14,99.63,11.71
Clonidine,Ointment,531,25,0,26,252,48,80,23,5,94.41,16.61
Clopidogrel,Capsule,644,38,5,6,83,32,116,32,8,94.69,32.73
Clorazepate,Syrup,312,26,2,17,300,89,74,40,1,98.69,17.08
Clotrimazole,Capsule,324,43,0,0,222,50,163,16,11,92.06,29.16
Clozapine,Syrup,931,39,5,22,304,44,153,14,2,95.77,39.15
Cobimetinib,Tablet,947,29,5,6,182,24,175,34,8,91.84,49.66
Codeine,Capsule,577,36,1,21,151,52,43,39,13,96.11,15.93
Colchicine,Tablet,998,33,4,13,313,92,158,19,13,93.67,27.93
Colesevelam,Tablet,356,19,0,3,129,47,110,20,11,91.04,40.83
Colestipol,Capsule,625,32,1,32,351,10,194,40,10,97.4,30.62
Conivaptan,Ointment,717,29,2,49,155,11,196,5,8,92.33,30.45
Crizotinib,Injection,695,14,1,2,58,32,155,26,10,95.97,25.72
Cyclobenzaprine,Ointment,578,12,1,2,498,94,167,29,3,93.01,33.17
Cyclophosphamide,Syrup,422,48,0,27,369,42,98,38,11,90.85,22.8
Cyclosporine,Tablet,735,27,5,1,383,70,94,19,8,96.73,0.57
Cyproheptadine,Injection,369,15,1,10,272,81,94,6,13,90.65,49.81
Cytarabine,Injection,604,8,2,30,147,99,173,29,4,90.76,4.9
Dabigatran,Tablet,875,48,2,23,483,20,80,41,8,93.54,34.8
Dabrafenib,Injection,694,32,5,6,378,21,135,27,5,94.04,10.17
Dacarbazine,Ointment,299,48,4,17,470,72,146,20,4,99.34,37.75
Daclatasvir,Injection,359,20,3,7,335,59,152,45,10,95.68,4.26
Dactinomycin,Injection,449,13,2,36,285,97,181,10,11,99.38,21.65
Dalbavancin,Syrup,497,17,0,0,152,21,57,49,12,96.61,1.4
Dalteparin,Tablet,156,38,5,14,337,77,122,11,9,99.27,13.71
Danazol,Ointment,955,7,2,34,50,13,67,27,10,95.68,6.07
Dantrolene,Syrup,477,9,5,7,124,87,181,27,10,97.49,24.94
Dapagliflozin,Ointment,410,29,3,47,208,17,104,31,9,90.34,31.71
Dapsone,Capsule,240,42,1,28,202,42,42,42,2,93.04,30.21
Daptomycin,Ointment,454,5,1,34,330,89,41,17,7,93.99,14.22
Daratumumab,Syrup,488,7,3,31,481,96,196,33,4,98.01,43.09
Darbepoetin,Ointment,270,9,5,25,313,34,144,46,1,91.41,3.73
Darifenacin,Ointment,500,39,3,13,237,16,173,42,13,99.69,22.55
Darunavir,Capsule,779,41,3,37,84,17,167,10,14,90.26,25.44
Dasatinib,Tablet,693,44,1,35,79,65,112,26,12,95.18,44.92
Daunorubicin,Injection,570,26,2,49,422,72,30,26,4,90.24,21.92
Decitabine,Ointment,443,42,4,24,95,83,195,16,14,94.19,26.5
Deferasirox,Injection,975,13,4,1,303,20,29,36,9,95.36,0.48
Deferoxamine,Injection,409,5,0,17,137,70,93,21,13,99.65,36.02
Deflazacort,Injection,440,21,2,31,411,60,178,7,12,94.63,46.74
Degarelix,Syrup,752,37,4,23,158,69,24,35,10,99.6,8.26
Delafloxacin,Injection,461,18,1,31,204,17,181,18,6,99.35,23.11
Denosumab,Capsule,235,18,2,9,476,72,161,49,5,99.54,8.69
Desipramine,Ointment,853,48,3,44,311,38,153,25,14,93.62,9.85
Desloratadine,Ointment,477,46,0,31,67,93,191,12,2,91.24,38.62
Desmopressin,Ointment,587,31,3,15,263,33,125,23,7,91.48,9.95
Desonide,Ointment,952,6,0,1,376,87,160,6,11,98.31,46.21
Desoximetasone,Injection,478,34,5,20,223,24,152,39,5,95.31,2.5
Desvenlafaxine,Ointment,307,12,2,43,280,44,54,18,7,91.12,14.9
Dexamethasone,Injection,704,22,5,11,340,45,154,11,7,94.19,41.69
Dexlansoprazole,Injection,305,27,1,39,425,36,34,45,4,99.12,3.86
Dexmedetomidine,Injection,625,50,5,25,281,92,103,45,13,95.58,6.07
Dexmethylphenidate,Syrup,794,9,0,33,387,50,61,33,6,99.84,22.36
Dextromethorphan,Tablet,303,5,2,34,421,79,136,29,1,92.52,36.14
Diacerein,Ointment,478,9,5,43,485,26,61,21,8,93.69,33.43
Diazepam,Injection,100,46,1,6,158,86,36,21,10,96.58,2.74
Diclofenac,Syrup,151,27,4,3,454,14,82,35,2,98.42,27.6
Dicloxacillin,Ointment,416,10,3,16,353,45,123,45,3,90.04,7.55
Dicyclomine,Capsule,248,6,5,48,203,91,97,39,1,94.83,41.68
Didanosine,Ointment,177,44,0,33,361,92,176,12,5,99.53,22.6
Digoxin,Injection,289,29,4,0,481,56,68,39,6,97.47,26.14
Dihydroergotamine,Capsule,585,35,2,11,356,89,84,23,4,91.56,44.15
Diltiazem,Syrup,585,24,0,5,156,54,98,27,4,90.56,46.33
Dimercaprol,Tablet,966,10,5,33,63,93,38,13,9,95.9,6.64
Dimethyl,Syrup,490,47,2,9,278,87,194,20,11,98.61,18.28
Dinoprostone,Syrup,817,26,5,5,71,62,33,8,14,93.22,17.57
Diphenhydramine,Syrup,358,31,4,27,430,41,62,30,14,96.54,27.74
Dipyridamole,Tablet,197,40,1,30,66,53,34,12,1,98.49,2.54
Disopyramide,Capsule,245,15,3,24,75,42,191,38,4,95.42,2.24
Disulfiram,Syrup,568,35,2,27,386,95,104,18,7,91.17,9.1
Dobutamine,Ointment,462,34,0,13,322,25,159,34,1,92.85,10.85
Docetaxel,Injection,938,34,0,8,449,62,101,37,2,92.89,25.48
Dofetilide,Capsule,797,22,2,8,221,39,124,34,1,98.85,19.15
Dolasetron,Syrup,804,39,0,20,340,78,53,10,6,96.4,5.67
Dolutegravir,Syrup,277,18,1,45,54,10,36,43,6,92.42,15.09
Domperidone,Tablet,324,24,1,49,338,17,130,6,3,95.88,48.43
Donepezil,Capsule,100,23,3,11,281,89,168,39,12,91.89,44.19
Dopamine,Capsule,850,40,3,5,454,83,57,10,2,99.62,4.4
Dorzolamide,Tablet,419,40,4,19,390,11,93,31,6,92.02,39.97
Doxazosin,Ointment,636,12,5,16,448,46,169,13,1,91.9,33.63
Doxepin,Syrup,157,25,2,23,325,25,38,48,10,91.93,29.56
Doxorubicin,Capsule,196,8,1,4,359,48,33,9,12,97.27,2.68
Doxycycline,Capsule,425,31,4,27,258,80,57,25,6,92.84,23.66
Dronabinol,Injection,764,48,5,0,162,69,118,9,6,95.11,0.39
Dronedarone,Ointment,119,45,3,30,370,77,65,42,13,94.06,11.8
Droperidol,Tablet,284,37,2,19,250,11,152,14,13,93.89,10.79
Drospirenone,Capsule,299,26,5,10,446,66,39,35,1,93.22,47.27
Dulaglutide,Syrup,450,44,2,41,121,35,190,45,2,94.64,25.7
Duloxetine,Syrup,674,8,2,40,318,29,198,6,14,92.88,48.37
Dupilumab,Capsule,524,40,5,10,335,55,92,6,3,96.52,29.66
Durvalumab,Capsule,815,49,1,47,238,47,104,31,12,92.37,28.08
Dutasteride,Capsule,630,23,1,36,84,80,174,50,1,90.57,46.17
Duvelisib,Ointment,419,16,3,37,319,96,160,40,4,93.02,14.75
Eculizumab,Capsule,381,8,3,41,192,91,187,50,6,95.76,9.25
Edoxaban,Ointment,327,9,4,46,332,18,47,38,1,98.01,27.99
Efavirenz,Ointment,923,40,5,49,315,90,166,50,2,92.49,17.8
Efinaconazole,Capsule,886,8,0,38,89,99,108,20,2,95.45,46.47
Elagolix,Tablet,663,18,4,45,245,38,62,42,11,99.61,15.08
Eletriptan,Ointment,521,17,3,17,127,28,83,25,5,92.83,48.74
Eliglustat,Injection,804,17,3,17,126,53,139,15,10,99.32,47.79
Elotuzumab,Syrup,369,47,2,34,309,69,195,23,11,98.6,24.64
Eluxadoline,Capsule,591,11,0,35,324,24,150,15,9,96.07,9.1
Emapalumab,Syrup,146,37,1,27,351,56,88,47,4,90.32,37.87
Emicizumab,Injection,598,28,0,37,398,54,115,11,11,97.6,0.45
Empagliflozin,Capsule,316,39,1,19,410,37,89,47,7,99.44,15.09
Emtricitabine,Syrup,962,47,2,13,221,29,21,35,2,93.41,20.93
Enalapril,Syrup,892,34,4,15,465,62,195,40,2,96.7,9.27
Enasidenib,Syrup,857,39,5,17,104,95,24,11,7,99.59,32.84
Encorafenib,Syrup,963,50,4,21,177,52,185,34,6,99.29,42.46
Enfuvirtide,Syrup,430,47,1,2,283,13,121,39,10,90.35,19.42
Enoxaparin,Tablet,569,32,5,26,72,18,79,36,2,98.05,34.81
Entacapone,Ointment,330,15,2,24,340,60,24,37,13,95.81,46.15
Entecavir,Ointment,191,17,1,27,304,31,171,39,7,92.92,49.66
Entrectinib,Ointment,175,44,0,33,404,11,20,41,10,96.32,43.11
Enzalutamide,Tablet,357,31,3,6,71,21,76,19,4,97.48,35.93
Epirubicin,Syrup,243,37,1,5,106,53,81,35,5,93.95,7.35
Eplerenone,Syrup,908,10,5,46,297,30,36,38,5,98.87,8.76
Epoetin,Ointment,159,6,0,36,466,85,59,35,10,99.03,21.46
Epoprostenol,Injection,157,14,4,15,215,19,68,44,13,94.75,36.18
Eptifibatide,Capsule,243,21,3,16,217,83,169,19,1,93.42,41.79
Eribulin,Capsule,953,47,0,27,206,19,131,25,9,93.27,25.48
Erlotinib,Capsule,186,26,0,10,241,52,110,40,3,95.03,37.29
Ertapenem,Ointment,402,42,0,46,80,17,74,14,13,93.63,4.86
Ertugliflozin,Ointment,544,22,1,2,217,43,95,48,1,91.0,5.12
Erythromycin,Ointment,534,7,0,45,476,92,187,18,5,95.02,30.85
Escitalopram,Capsule,313,46,4,1,87,81,49,29,7,93.95,30.85
Eslicarbazepine,Ointment,241,11,3,45,123,78,117,39,2,94.77,29.82
Esmolol,Capsule,621,34,3,8,194,27,70,9,3,92.5,20.99
Esomeprazole,Ointment,512,16,2,5,369,66,33,17,11,99.64,10.15
Estazolam,Syrup,959,39,5,23,260,59,63,47,3,96.36,14.4
Estradiol,Tablet,562,50,5,15,442,83,54,35,3,92.5,39.45
Estrogen,Injection,218,16,4,19,436,13,176,48,8,98.12,14.09
Eszopiclone,Ointment,351,31,1,38,240,38,103,44,1,94.73,41.86
Etanercept,Capsule,537,19,5,36,215,10,98,40,7,97.55,28.44
Ethambutol,Ointment,734,50,0,39,236,31,103,20,5,99.11,20.06
Ethosuximide,Injection,661,48,2,9,231,27,35,8,12,99.3,8.92
Etidronate,Capsule,304,49,3,13,74,100,86,23,2,91.77,44.07
Etodolac,Tablet,824,18,1,46,261,14,121,39,4,94.96,33.69
Etonogestrel,Tablet,953,29,3,46,254,31,174,42,10,94.2,41.72
Etoposide,Ointment,598,46,3,10,459,70,60,10,7,90.95,16.92
Etravirine,Ointment,229,16,3,29,285,34,77,46,13,93.76,16.73
Everolimus,Syrup,636,34,2,38,365,20,66,31,2,96.66,42.07
Exemestane,Ointment,601,42,3,31,338,71,135,34,4,91.77,30.84
Exenatide,Tablet,122,46,5,15,210,36,70,7,11,96.28,19.64
Ezetimibe,Capsule,214,43,0,11,388,51,57,32,5,97.12,15.96
Famciclovir,Injection,825,10,4,3,151,97,184,28,5,99.4,0.17
Famotidine,Ointment,802,8,0,1,247,62,23,35,13,90.16,49.02
Febuxostat,Ointment,587,15,4,19,259,49,137,12,11,90.49,26.56
Felbamate,Tablet,447,29,3,28,123,63,113,39,5,94.91,6.27
Felodipine,Injection,717,49,5,44,252,54,146,38,14,91.93,37.19
Fenofibrate,Syrup,168,35,3,33,399,82,52,41,8,90.42,20.85
Fentanyl,Tablet,148,5,0,11,71,55,158,21,7,97.75,20.59
Ferric,Injection,661,48,1,6,294,46,173,18,1,93.47,16.76
Ferrous,Tablet,165,10,5,41,180,83,57,14,12,94.34,34.5
Fesoterodine,Injection,873,24,5,34,142,45,62,49,13,93.43,6.9
Fexofenadine,Tablet,401,14,4,31,311,94,89,17,2,95.56,31.28
Fidaxomicin,Capsule,533,9,3,45,433,46,109,16,1,93.88,12.53
Filgrastim,Capsule,131,6,3,41,293,57,157,21,5,91.29,22.35
Finasteride,Injection,775,25,5,50,64,35,103,39,8,98.13,39.64
Fingolimod,Capsule,531,14,0,24,264,15,39,8,5,99.83,23.37
Flecainide,Injection,172,7,0,14,89,52,72,38,11,97.26,43.33
Fluconazole,Ointment,503,20,3,49,262,41,137,11,8,99.84,21.01
Fludarabine,Tablet,345,10,1,2,191,52,180,27,7,97.63,11.64
Fludrocortisone,Syrup,821,50,1,32,402,80,31,9,3,97.91,32.57
Flumazenil,Tablet,453,10,4,18,243,55,80,7,4,92.02,14.9
Flunisolide,Tablet,637,41,5,2,478,36,125,21,1,93.86,19.18
Fluocinolone,Tablet,527,7,4,3,391,98,186,31,5,97.88,7.5
Fluocinonide,Capsule,386,26,3,22,369,87,145,36,5,98.76,39.44
Fluorometholone,Tablet,570,29,4,24,245,99,91,50,12,98.95,37.65
Fluorouracil,Ointment,999,10,2,16,402,68,71,44,7,93.97,20.23
Fluoxetine,Syrup,605,23,3,15,157,82,87,24,2,95.23,1.17
Fluphenazine,Injection,120,47,1,14,457,63,27,49,12,92.58,46.54
Flurazepam,Syrup,435,37,5,21,55,29,100,22,1,94.3,20.96
Flurbiprofen,Syrup,589,40,2,39,265,33,89,10,11,99.69,12.06
Flutamide,Tablet,886,8,1,43,156,33,32,45,14,98.36,49.14
Fluticasone,Syrup,519,26,0,0,190,17,93,11,4,94.83,6.81
Fluvastatin,Syrup,551,30,3,4,61,34,161,18,7,95.6,9.77
Fluvoxamine,Syrup,267,50,3,13,409,60,48,31,12,97.75,19.41
Folic,Injection,459,38,5,13,151,82,146,47,14,91.11,13.54
Fondaparinux,Tablet,896,18,5,48,492,69,114,11,13,99.04,1.86
Formoterol,Tablet,848,6,5,36,179,72,79,8,2,95.55,26.95
Fosamprenavir,Capsule,367,8,4,7,373,70,159,29,9,91.35,5.12
Fosaprepitant,Syrup,947,37,1,0,416,27,180,35,12,95.74,21.14
Foscarnet,Ointment,247,29,1,8,114,86,55,6,10,90.29,45.62
Fosfomycin,Capsule,963,35,2,8,222,79,146,7,8,91.17,7.75
Fosinopril,Syrup,178,18,1,9,286,42,163,15,11,93.47,28.63
Fosphenytoin,Ointment,462,8,4,50,271,13,21,16,2,92.1,2.02
Fostamatinib,Capsule,391,21,5,20,67,91,173,22,6,96.62,0.04
Frovatriptan,Tablet,210,47,4,12,254,54,121,18,12,98.6,33.53
Fulvestrant,Ointment,290,31,0,24,212,65,153,5,12,91.52,21.77
Furosemide,Tablet,276,6,2,16,219,10,20,11,12,98.9,46.74
Fusidic,Syrup,151,35,2,36,148,57,55,19,7,97.57,31.34
Gabapentin,Tablet,428,34,4,45,283,41,84,44,1,93.48,0.9
Galantamine,Injection,338,36,1,9,253,77,66,22,3,93.15,27.5
Ganciclovir,Ointment,644,13,4,22,336,76,126,39,5,96.19,46.39
Ganirelix,Injection,291,30,4,11,210,93,56,35,3,98.03,32.83
Gefitinib,Capsule,660,19,1,38,194,42,72,18,11,99.66,47.63
Gemcitabine,Capsule,425,27,0,44,73,56,42,9,1,99.6,46.18
Gemfibrozil,Ointment,496,6,3,35,70,14,20,27,9,96.83,28.03
Gentamicin,Tablet,412,6,0,50,364,92,27,34,11,93.5,8.69
Glatiramer,Ointment,249,45,4,2,157,66,122,44,6,97.17,10.04
Glecaprevir,Ointment,864,30,5,0,194,14,118,5,14,93.08,23.0
Glimepiride,Capsule,544,26,1,6,468,94,130,8,14,94.23,2.93
Glipizide,Syrup,869,42,4,20,334,55,30,5,8,94.32,30.57
Glucagon,Ointment,796,21,4,47,126,28,113,14,7,93.48,47.99
Glyburide,Injection,757,6,3,23,346,24,179,8,8,95.96,31.19
Glyceryl,Capsule,280,28,0,37,343,41,44,15,12,92.46,33.16
Glycopyrrolate,Capsule,749,9,2,38,328,39,78,24,5,96.67,11.01
Golimumab,Ointment,960,22,0,0,151,49,20,44,8,94.49,43.78
Goserelin,Ointment,499,21,0,18,413,79,95,49,13,92.42,5.81
Granisetron,Tablet,225,24,2,0,138,47,84,21,6,97.01,1.56
Griseofulvin,Tablet,628,11,2,47,81,52,41,26,12,95.98,40.58
Guanfacine,Tablet,587,44,5,28,460,40,77,6,13,96.56,14.24
Haloperidol,Syrup,611,40,4,1,283,96,172,21,12,92.88,15.93
Hematoporphyrin,Tablet,591,23,5,13,189,92,61,22,12,98.31,34.26
Heparin,Injection,456,7,0,9,238,41,179,18,3,98.27,28.01
Homatropine,Ointment,390,22,4,43,308,34,173,32,12,95.8,21.88
Hydralazine,Injection,746,34,3,7,362,69,181,36,9,98.9,35.92
Hydrochlorothiazide,Injection,452,13,4,5,446,36,24,16,1,90.98,18.32
Hydrocodone,Ointment,583,29,5,0,64,35,41,18,4,94.34,38.98
Hydrocortisone,Injection,621,16,1,23,71,79,72,16,8,97.67,30.09
Hydromorphone,Ointment,130,17,1,32,297,36,121,16,5,92.78,41.15
Hydroxychloroquine,Tablet,671,23,5,24,266,36,50,28,1,98.46,21.17
Hydroxyurea,Ointment,693,35,4,26,414,19,198,45,10,93.49,11.05
Hydroxyzine,Syrup,442,33,1,14,279,14,164,48,4,98.03,18.58
Hyoscyamine,Tablet,821,34,1,41,202,77,25,23,10,91.36,46.7
Ibandronate,Ointment,819,34,3,41,437,87,152,33,5,96.43,35.68
Ibrutinib,Capsule,501,19,5,14,135,95,143,18,6,95.33,33.13
Ibuprofen,Capsule,412,15,2,23,361,100,134,29,8,96.19,8.02
Icatibant,Injection,932,37,4,4,97,52,51,30,13,98.8,1.1
Idarubicin,Ointment,291,46,1,46,412,22,143,28,10,98.2,9.28
Idelalisib,Tablet,473,32,0,23,262,41,138,35,4,90.43,41.87
Ifosfamide,Tablet,444,28,1,48,312,64,138,38,4,96.07,18.91
Iloperidone,Syrup,967,15,0,22,457,67,26,12,1,91.36,28.4
Imatinib,Syrup,450,43,3,15,105,67,62,38,9,91.5,41.56
Imipenem,Tablet,210,38,2,11,240,84,42,41,10,90.26,27.61
Imipramine,Capsule,743,21,4,41,347,81,69,13,7,98.52,29.2
Imiquimod,Syrup,379,26,5,16,198,80,131,37,9,97.62,28.55
Indacaterol,Syrup,129,31,0,46,141,16,197,36,10,90.71,33.09
Indapamide,Tablet,277,47,3,30,100,48,61,49,4,94.9,16.86
Indinavir,Injection,471,24,3,2,402,80,190,30,5,96.19,31.01
Indomethacin,Syrup,849,26,1,27,92,48,167,10,14,91.61,34.24
Infliximab,Capsule,897,30,4,45,418,66,177,47,7,97.94,10.81
Ingenol,Ointment,103,37,1,15,139,29,28,18,10,98.88,16.92
Insulin,Tablet,726,42,0,32,418,11,58,49,1,96.36,39.27
Interferon,Injection,874,25,4,5,367,47,195,23,12,92.59,32.27
Ipratropium,Injection,655,39,0,49,487,34,101,20,11,97.0,18.82
Irbesartan,Injection,527,41,0,3,464,47,199,36,7,94.45,8.13
Irinotecan,Syrup,744,29,4,39,99,34,180,7,5,95.22,0.44
Iron,Capsule,881,26,5,43,54,92,46,5,11,98.13,47.38
Isavuconazole,Ointment,656,26,1,33,89,53,166,26,14,96.34,36.39
Isocarboxazid,Syrup,651,17,2,0,69,84,188,47,9,99.06,22.1
Isoniazid,Syrup,934,31,2,36,234,48,53,38,2,99.2,25.39
Isosorbide,Capsule,839,27,0,29,434,49,151,34,3,95.87,23.81
Isradipine,Syrup,169,47,2,0,361,27,96,42,3,93.49,4.86
Itraconazole,Capsule,416,13,4,40,318,11,23,46,4,98.27,44.87
Ivabradine,Injection,683,29,2,26,147,34,154,27,2,90.5,14.89
Ivermectin,Injection,194,11,3,23,73,52,69,38,3,92.97,1.71
Ixabepilone,Tablet,355,36,2,39,383,16,163,15,1,94.38,29.79
Ixazomib,Syrup,926,24,2,8,183,48,26,37,9,92.53,28.78
Ketamine,Syrup,157,17,5,8,132,59,120,10,4,90.86,20.79
Ketoconazole,Injection,769,50,3,0,216,13,106,34,4,98.87,46.32
Ketoprofen,Syrup,911,11,4,26,270,58,103,16,13,99.45,29.02
Ketorotechnetium,Injection,383,26,5,37,486,22,143,28,6,95.79,28.29
Ketotifen,Ointment,658,39,2,26,96,53,137,31,12,97.76,12.75
Labetalol,Capsule,444,29,4,6,104,11,165,49,5,95.41,30.95
Lacosamide,Ointment,564,17,0,41,163,15,138,5,2,97.85,36.85
Lactulose,Injection,947,50,3,25,464,20,55,20,3,97.55,11.29
Lamivudine,Ointment,821,30,2,45,394,54,69,12,12,94.65,34.71
Lamotrigine,Tablet,126,12,3,17,493,15,60,21,1,99.22,31.08
Lanreotide,Capsule,965,5,3,22,107,41,30,17,14,99.94,24.9
Lansoprazole,Tablet,564,34,3,6,78,75,27,15,1,91.04,25.05
Lapatinib,Injection,236,31,3,13,415,27,167,39,4,98.22,35.32
Larotrectinib,Ointment,252,38,1,26,85,59,61,36,14,90.32,44.68
Latanoprost,Syrup,692,46,2,5,415,78,123,43,1,97.31,25.57
Leflunomide,Tablet,422,40,2,8,352,72,51,33,11,91.95,8.97
Lenalidomide,Capsule,518,32,0,33,417,84,25,5,6,90.42,41.02
Lenvatinib,Capsule,112,36,5,26,255,27,63,26,4,95.01,45.69
Letrozole,Injection,462,9,4,28,366,17,81,28,5,95.48,46.42
Leuprolide,Tablet,359,12,5,4,267,87,193,47,1,98.51,31.27
Levetiracetam,Syrup,871,16,3,40,411,69,152,47,4,92.08,21.44
Levobunolol,Injection,729,46,2,37,349,82,84,32,4,91.74,35.47
Levofloxacin,Injection,311,30,0,34,272,21,156,19,12,91.04,35.65
Levomilnacipran,Tablet,807,34,3,27,499,57,113,46,9,97.74,7.83
Levothyroxine,Syrup,394,37,3,12,304,73,139,42,11,97.04,43.44
Lidocaine,Capsule,375,33,4,12,114,32,137,10,4,99.69,35.31
Linaclotide,Tablet,752,26,0,19,183,58,94,5,14,97.37,44.66
Linagliptin,Syrup,734,33,0,12,287,32,47,36,9,96.66,0.93
Lindane,Syrup,272,22,4,45,368,77,192,42,8,95.06,24.59
Linezolid,Tablet,644,25,2,11,67,37,60,8,4,99.6,26.13
Liothyronine,Syrup,400,33,0,2,254,17,103,31,1,90.48,20.75
Liraglutide,Injection,663,26,3,0,90,58,80,18,9,95.58,7.28
Lisinopril,Injection,218,24,2,5,331,14,82,5,1,94.02,3.87
Lithium,Capsule,125,21,2,33,210,45,134,12,11,97.16,12.51
Lixisenatide,Capsule,368,16,1,11,198,56,156,15,4,94.93,44.52
Lomustine,Syrup,480,50,0,15,413,51,81,32,7,92.56,30.73
Loperamide,Injection,669,34,0,4,423,46,33,32,8,99.35,9.47
Lopinavir,Injection,173,27,4,33,325,14,113,27,12,90.58,20.46
Loratadine,Ointment,424,24,3,22,85,87,195,12,3,90.5,43.35
Lorazepam,Injection,373,32,1,34,385,97,122,39,14,97.47,38.19
Losartan,Syrup,900,9,1,46,75,16,33,30,6,96.46,0.18
Lovastatin,Syrup,612,44,1,8,131,62,185,17,6,90.17,48.13
Loxapine,Injection,936,9,2,10,428,82,24,8,13,91.93,26.99
Lubiprostone,Syrup,519,22,3,21,208,62,81,44,14,99.32,40.95
Lumacaftor,Tablet,743,26,0,34,451,65,141,50,3,98.68,32.22
Lumefantrine,Ointment,555,35,2,46,142,28,196,47,3,91.63,40.41
Lurasidone,Capsule,304,26,1,41,331,42,51,15,2,91.56,44.49
Lutropin,Injection,830,44,2,17,326,74,183,10,3,98.41,26.7
Macitentan,Tablet,407,19,2,46,232,45,66,19,2,96.22,16.95
Magnesium,Injection,455,25,5,39,124,92,98,42,2,98.65,31.41
Maraviroc,Syrup,819,10,5,47,258,81,165,15,5,96.94,15.1
Mebendazole,Injection,258,38,4,22,378,26,156,23,4,90.36,24.07
Meclizine,Syrup,916,20,5,30,452,17,30,8,13,90.03,18.68
Medroxyprogesterone,Syrup,157,16,3,17,378,40,40,13,4,90.59,41.69
Mefenamic,Tablet,250,40,5,42,241,60,79,38,6,96.94,44.09
Mefloquine,Capsule,637,12,1,7,474,37,182,44,5,97.45,5.51
Megestrol,Ointment,693,49,5,40,439,18,183,44,10,98.76,16.33
Melatonin,Tablet,618,39,3,0,135,21,119,13,3,96.54,17.17
Meloxicam,Injection,179,17,5,23,449,95,184,17,8,98.39,45.67
Memantine,Syrup,970,43,3,12,359,74,70,49,2,93.52,16.29
Menotropins,Ointment,796,29,4,47,254,91,198,38,1,97.11,46.01
Meperidine,Syrup,345,38,1,41,314,94,124,50,4,98.74,16.54
Mercaptopurine,Capsule,447,10,5,5,61,58,27,6,13,98.06,34.19
Meropenem,Injection,221,11,4,46,184,53,144,5,6,93.42,45.95
Mesalamine,Ointment,705,43,1,5,499,12,33,21,7,90.05,39.09
Metaxalone,Ointment,507,26,3,30,205,45,82,38,8,90.35,46.28
Metformin,Tablet,701,27,3,21,216,83,74,47,5,97.82,38.67
Methadone,Syrup,111,46,3,17,159,29,175,39,14,92.26,45.53
Methamphetamine,Tablet,704,49,3,22,469,22,130,49,10,97.9,24.23
Methimazole,Tablet,862,6,3,43,461,41,172,37,8,94.86,40.38
Methocarbamol,Syrup,849,25,2,28,322,62,175,38,6,97.64,23.83
Methotrexate,Capsule,889,12,2,34,338,70,96,43,13,99.64,1.23
Methoxsalen,Capsule,530,42,5,0,143,40,180,27,5,90.48,13.36
Methylnaltrexone,Capsule,621,29,3,12,179,57,124,29,1,90.32,6.06
Methylphenidate,Syrup,572,27,2,15,473,32,153,19,12,97.16,41.11
Methylprednisolone,Tablet,877,6,4,5,350,69,155,14,7,90.9,15.38
Metoclopramide,Syrup,552,47,2,5,486,63,79,12,8,94.09,26.53
Metolazone,Capsule,670,15,3,12,393,90,79,33,12,92.03,6.05
Metoprolol,Tablet,209,36,1,8,433,53,43,13,5,97.92,32.56
Metronidazole,Tablet,197,9,5,17,312,67,135,37,1,93.94,4.43
Mexiletine,Ointment,808,15,1,44,402,85,40,22,5,99.85,21.72
Micafungin,Syrup,814,20,2,14,140,25,54,34,6,95.9,0.84
Midazolam,Injection,250,15,0,21,258,100,69,33,8,90.84,34.0
Midodrine,Capsule,639,6,4,46,381,46,111,7,4,98.65,26.14
Miglitol,Ointment,938,8,2,45,434,78,153,34,3,97.06,41.31
Miglustat,Capsule,438,46,4,34,153,15,166,45,12,99.47,41.38
Milnacipran,Syrup,366,22,0,12,243,44,195,26,10,99.07,38.88
Milrinone,Ointment,900,35,3,24,466,52,104,5,10,97.87,44.61
Minocycline,Ointment,486,19,5,29,222,52,170,8,4,95.27,37.11
Minoxidil,Capsule,680,41,0,11,158,47,165,20,13,92.53,3.64
Mirtazapine,Ointment,595,26,4,11,105,31,130,36,6,95.82,1.25
Misoprostol,Injection,863,44,2,7,245,85,150,8,14,99.73,43.03
Mitomycin,Syrup,694,49,0,13,366,54,116,25,8,95.63,8.64
Mitoxantrone,Tablet,831,28,5,30,157,25,61,47,3,98.18,9.79
Modafinil,Injection,946,11,1,38,132,58,113,9,10,97.91,6.79
Moexipril,Injection,553,29,0,20,360,99,143,27,11,94.8,33.9
Montelukast,Ointment,211,49,5,7,374,92,170,43,14,94.35,40.38
Morphine,Ointment,363,11,1,30,203,83,36,21,1,96.84,18.87
Moxifloxacin,Tablet,232,46,3,33,445,49,186,18,5,96.73,9.72
Mycophenolate,Tablet,503,35,1,36,312,42,80,44,3,98.76,49.97
Nabumetone,Syrup,775,31,4,6,364,46,105,44,2,96.18,34.74
Nadolol,Injection,892,30,5,33,354,69,103,12,6,96.98,4.71
Naloxegol,Ointment,299,45,3,26,399,93,37,30,12,94.57,28.59
Naloxone,Syrup,872,39,5,8,291,31,189,34,7,91.81,16.43
Naltrexone,Tablet,610,26,4,19,116,82,186,33,4,95.17,29.81
Naproxen,Capsule,297,19,4,20,61,26,84,17,3,92.91,37.38
Naratriptan,Syrup,661,13,0,37,453,77,43,34,5,95.1,11.87
Natalizumab,Ointment,551,26,4,33,215,62,189,18,9,91.3,6.73
Nebivolol,Syrup,562,23,2,13,372,46,181,14,9,99.0,19.18
Neomycin,Ointment,426,12,3,18,412,77,38,15,12,94.1,6.98
Nesiritide,Syrup,387,19,4,38,219,98,143,6,1,92.31,31.95
Netupitant,Capsule,748,41,1,9,78,32,104,19,11,96.84,45.36
Nevirapine,Tablet,594,35,2,39,116,19,160,24,6,94.98,46.21
Niacin,Syrup,709,31,0,30,350,74,84,35,7,98.18,49.68
Nicardipine,Capsule,862,6,1,32,213,40,86,14,10,90.36,30.51
Nifedipine,Capsule,893,16,0,3,479,20,186,40,6,98.78,8.14
Nilotinib,Injection,877,15,0,44,431,66,133,21,12,93.71,37.19
Nilutamide,Tablet,403,13,2,23,189,91,121,23,6,93.72,4.06
Nimodipine,Capsule,934,35,5,16,352,76,74,9,13,97.23,44.54
Nintedanib,Ointment,167,42,3,10,481,29,109,9,10,91.72,2.15
Nitrofurantoin,Capsule,939,17,4,11,314,38,107,22,7,94.74,16.2
Nitroglycerin,Tablet,454,11,3,19,246,66,40,18,2,93.54,32.09
Nivolumab,Tablet,269,27,0,41,195,31,161,17,7,91.07,4.4
Nizatidine,Capsule,695,38,4,34,226,73,200,28,11,93.89,8.77
Norepinephrine,Capsule,281,24,3,4,329,55,137,28,14,94.25,43.06
Norfloxacin,Syrup,620,17,4,2,418,88,91,37,9,94.5,5.64
Nortriptyline,Injection,193,18,4,40,379,62,142,13,5,95.41,8.19
Nystatin,Ointment,381,42,3,2,114,18,49,37,4,98.44,14.5
Obinutuzumab,Syrup,987,50,2,24,340,81,133,14,2,97.06,10.34
Ocrelizumab,Ointment,798,9,0,26,252,59,186,20,4,94.37,14.25
Octreotide,Capsule,708,27,0,31,322,95,87,33,6,91.24,13.73
Ofatumumab,Capsule,469,36,3,0,305,59,65,30,11,95.36,35.19
Ofloxacin,Injection,195,26,0,3,170,49,162,33,2,91.05,29.98
Olanzapine,Capsule,374,48,2,45,396,17,165,10,11,93.0,32.19
Olaparib,Injection,896,38,1,12,55,20,179,8,13,97.4,7.99
Olmesartan,Tablet,792,25,3,24,86,69,149,41,2,93.2,13.38
Olopatadine,Ointment,350,19,1,33,497,75,147,45,7,99.06,37.6
Omacetaxine,Capsule,448,47,5,16,350,48,92,25,2,92.91,34.44
Omeprazole,Tablet,763,16,1,20,52,60,149,16,5,94.13,10.33
Ondansetron,Injection,571,21,4,47,483,15,90,21,7,95.62,4.69
Orlistat,Tablet,633,28,0,6,439,72,48,25,9,90.58,28.09
Orphenadrine,Injection,406,9,1,27,250,44,72,5,5,96.17,42.86
Oseltamivir,Tablet,391,25,5,50,370,83,142,9,9,92.81,26.42
Osimertinib,Capsule,614,5,2,49,55,37,177,35,3,96.0,40.73
Oxaliplatin,Tablet,882,6,0,3,431,79,78,14,12,90.57,12.53
Oxandrolone,Capsule,476,15,1,37,211,100,96,41,8,97.37,38.93
Oxaprozin,Ointment,869,18,1,14,311,93,174,41,12,96.47,0.15
Oxazepam,Injection,602,45,0,50,250,89,153,18,1,92.43,37.71
Oxcarbazepine,Capsule,294,27,2,27,293,38,94,7,6,95.84,20.64
Oxybutynin,Syrup,979,31,4,22,176,21,79,38,1,92.79,14.59
Oxycodone,Injection,304,48,1,40,217,64,53,32,1,94.95,36.79
Oxymetazoline,Tablet,239,35,3,6,234,50,70,30,4,91.38,37.26
Oxymorphone,Syrup,896,39,4,46,150,97,65,31,6,91.35,37.1
Paclitaxel,Ointment,368,27,0,6,151,99,190,28,7,95.97,9.13
Palbociclib,Syrup,630,31,1,1,143,34,155,40,2,92.84,35.18
Paliperidone,Syrup,476,20,5,19,372,37,141,14,10,94.47,26.6
Palonosetron,Ointment,981,11,2,26,192,50,161,48,5,94.25,2.31
Pamabrom,Syrup,327,25,2,19,75,81,120,37,5,92.88,26.96
Pamidronate,Syrup,395,41,2,3,365,58,116,37,1,99.43,3.18
Pancrelipase,Syrup,101,43,1,35,434,98,125,19,2,99.31,13.19
Panitumumab,Ointment,191,37,1,18,225,23,158,19,3,94.8,30.26
Pantoprazole,Capsule,904,44,4,19,377,13,62,17,7,98.12,45.44
Paricalcitol,Injection,591,41,0,38,354,88,185,33,11,93.78,39.51
Paromomycin,Syrup,999,38,3,32,123,66,109,15,6,93.24,35.27
Paroxetine,Injection,277,17,2,29,66,63,183,15,6,94.43,34.8
Pazopanib,Tablet,830,41,2,34,55,97,154,45,7,91.79,29.6
Pembrolizumab,Syrup,705,22,3,32,393,80,21,48,6,97.71,31.43
Pemetrexed,Ointment,635,18,1,18,101,73,25,15,12,94.57,28.72
Penicillin,Capsule,757,27,1,19,453,93,79,46,3,95.73,21.23
Pentamidine,Ointment,731,21,1,0,485,97,157,20,2,94.19,40.44
Pentazocine,Ointment,611,13,2,3,344,80,74,37,2,93.56,11.48
Pentoxifylline,Ointment,875,16,1,2,448,16,90,8,11,97.11,42.49
Perampanel,Ointment,384,20,2,20,207,94,200,40,4,93.61,44.56
Pergolide,Injection,858,45,5,31,494,18,148,32,10,95.61,38.75
Perindopril,Tablet,869,42,5,45,182,18,189,36,14,95.27,19.23
Permethrin,Tablet,974,44,4,12,382,83,148,39,5,92.65,31.78
Perphenazine,Injection,706,19,1,8,217,20,66,18,5,97.29,37.69
Pexidartinib,Ointment,274,17,3,7,436,48,167,10,10,99.58,10.51
Phenazopyridine,Ointment,953,28,0,22,126,22,179,45,13,96.46,8.77
Phenelzine,Injection,264,16,3,5,380,44,131,48,11,98.12,19.56
Phenobarbital,Tablet,695,6,5,9,267,52,130,19,12,94.28,29.73
Phentermine,Syrup,536,40,1,35,422,96,167,5,12,94.06,34.96
Phenytoin,Syrup,172,15,0,17,459,70,124,23,9,92.83,35.05
Physostigmine,Tablet,511,49,2,49,309,94,42,13,1,90.7,2.16
Pibrentasvir,Ointment,744,20,5,3,321,20,155,47,5,95.19,40.97
Pilocarpine,Tablet,146,15,5,42,245,70,26,13,8,92.24,8.99
Pimavanserin,Capsule,975,30,1,31,274,89,141,10,14,98.54,41.16
Pimecrolimus,Injection,745,42,4,36,266,65,28,36,1,98.99,30.03
Pimozide,Ointment,849,11,0,33,133,95,93,8,6,93.33,28.21
Pioglitazone,Ointment,943,44,1,28,127,27,194,50,12,90.59,27.27
Piperacillin,Syrup,856,29,3,7,358,64,194,26,3,95.15,44.31
Pirfenidone,Tablet,401,42,0,33,451,30,92,34,8,93.5,5.09
Piroxicam,Tablet,165,48,0,22,411,82,89,16,8,93.15,0.99
Pitavastatin,Ointment,187,26,3,1,180,38,134,11,7,94.56,44.31
Plerixafor,Syrup,555,45,1,34,103,12,102,33,6,91.13,15.37
Pomalidomide,Ointment,811,6,1,27,466,76,131,18,4,96.64,43.92
Ponatinib,Ointment,442,26,3,49,246,69,196,5,7,90.69,40.28
Posaconazole,Capsule,363,16,0,10,226,98,122,40,2,91.47,47.85
Potassium,Injection,999,31,0,27,370,42,37,24,14,97.54,49.65
Pramipexole,Ointment,142,47,2,8,358,53,48,42,2,91.73,33.99
Prasugrel,Syrup,663,42,4,18,255,91,78,33,2,95.75,44.68
Pravastatin,Ointment,408,25,1,43,373,32,68,16,14,95.34,25.35
Praziquantel,Ointment,724,42,0,9,422,88,46,26,3,90.38,10.26
Prazosin,Syrup,201,29,1,17,430,91,177,20,12,99.97,20.45
Prednisolone,Injection,559,32,1,13,129,72,190,40,6,94.47,41.13
Prednisone,Injection,971,30,2,26,218,57,173,8,13,94.04,41.25
Pregabalin,Tablet,436,44,2,33,252,36,127,29,11,92.7,5.55
Primidone,Capsule,887,5,4,42,251,27,60,6,4,91.51,20.46
Probenecid,Tablet,153,22,2,44,88,31,72,27,2,99.44,28.73
Procainamide,Ointment,264,35,5,10,425,66,22,37,1,91.29,4.24
Prochlorperazine,Tablet,898,28,2,48,103,76,140,26,4,94.73,29.96
Promethazine,Syrup,711,27,1,2,459,60,87,32,13,98.68,10.47
Propafenone,Ointment,488,46,2,30,318,10,44,13,6,93.59,38.08
Propofol,Tablet,913,33,3,5,316,26,100,23,5,95.66,5.89
Propranolol,Ointment,532,31,4,39,445,73,189,42,1,91.9,25.62
Protamine,Injection,756,35,2,11,269,55,170,26,7,92.61,6.06
Pseudoephedrine,Tablet,484,20,0,50,296,11,25,22,7,97.2,42.28
Psyllium,Syrup,452,19,2,18,100,32,50,35,8,92.23,3.0
Pyridostigmine,Injection,459,23,1,48,399,92,26,43,7,98.27,4.29
Pyridoxine,Injection,876,30,4,19,216,95,25,16,9,98.51,29.17
Pyrimethamine,Injection,857,11,4,29,102,34,32,6,12,98.07,47.61
Quetiapine,Injection,812,47,2,34,193,19,151,13,7,92.68,15.85
Quinapril,Tablet,400,49,0,40,236,94,119,5,3,91.14,19.03
Quinidine,Ointment,179,29,1,29,455,80,169,16,1,96.94,12.87
Quinine,Injection,407,25,4,23,267,37,58,36,10,90.71,25.89
Rabeprazole,Ointment,321,21,5,33,356,68,196,43,5,97.05,23.29
Raloxifene,Capsule,406,33,1,21,187,57,124,39,14,96.1,10.54
Raltitrexed,Ointment,865,26,0,26,280,30,191,24,12,95.54,37.3
Ramipril,Capsule,952,5,4,29,397,95,147,45,14,99.56,35.59
Ramucirumab,Injection,760,6,2,49,381,41,187,27,8,97.68,32.8
Ranitidine,Capsule,906,6,3,20,457,12,37,30,11,93.15,48.96
Rasagiline,Syrup,255,14,5,13,285,79,36,50,9,92.35,32.64
Regorafenib,Tablet,361,43,3,13,158,23,24,36,6,98.26,0.19
Remdesivir,Syrup,657,15,0,29,250,85,167,37,10,96.1,2.59
Remifentanil,Ointment,333,43,4,36,280,87,80,16,6,99.11,48.16
Repaglinide,Syrup,717,20,2,1,280,33,141,13,1,92.46,10.57
Retapamulin,Syrup,445,32,1,14,313,84,106,48,7,98.26,43.67
Reteplase,Ointment,304,20,4,16,251,98,24,34,12,91.97,35.77
Rifabutin,Ointment,460,37,0,12,338,16,179,40,6,92.67,5.38
Rifampin,Ointment,744,25,1,12,428,33,82,33,2,96.36,34.45
Rifaximin,Syrup,661,19,1,46,63,59,116,8,8,96.44,9.96
Rilpivirine,Capsule,710,35,4,24,346,63,185,23,6,99.35,11.16
Riluzole,Tablet,582,39,2,45,272,26,195,38,11,90.35,24.31
Risedronate,Injection,265,42,4,6,84,28,107,35,3,99.25,10.45
Risperidone,Syrup,784,14,4,47,467,87,68,20,10,95.55,1.89
Rituximab,Capsule,454,40,3,3,101,52,55,33,3,99.63,28.07
Rivaroxaban,Injection,342,25,4,2,470,69,74,39,3,94.47,3.05
Rizatriptan,Syrup,862,20,5,19,366,75,126,21,13,90.81,4.28
Rocuronium,Ointment,257,36,5,33,500,37,167,26,8,95.64,47.29
Roflumilast,Tablet,681,20,2,4,196,17,193,41,14,92.97,29.51
Romidepsin,Injection,527,41,5,13,408,85,160,44,10,97.53,37.07
Romiplostim,Injection,340,50,5,15,321,72,160,43,1,91.16,0.29
Ropinirole,Tablet,208,48,3,39,459,59,30,25,14,90.1,0.55
Ropivacaine,Injection,143,40,3,26,336,41,172,23,2,95.78,42.39
Rosiglitazone,Syrup,895,37,1,45,199,40,115,38,1,91.69,10.63
Rosuvastatin,Capsule,217,33,2,21,367,22,44,6,10,96.79,8.01
Rotigotine,Syrup,345,16,1,41,257,26,61,16,9,97.46,32.05
Rufinamide,Injection,349,38,2,32,56,26,131,48,6,90.27,8.79
Ruxolitinib,Ointment,583,7,4,9,71,96,83,37,9,91.66,30.21
Sacubitril,Capsule,858,37,2,45,281,63,164,16,7,99.61,18.54
Salbutamol,Injection,875,13,3,16,375,68,136,36,3,90.61,21.69
Salmeterol,Tablet,146,10,4,10,215,87,155,21,5,90.98,13.3
Sapropterin,Ointment,843,24,2,35,79,62,155,22,8,91.53,13.69
Saquinavir,Injection,144,34,1,41,283,55,109,6,8,98.27,8.81
Sarilumab,Syrup,656,20,1,30,278,81,50,29,5,95.06,25.61
Saxagliptin,Capsule,138,28,0,33,306,79,174,26,3,98.77,19.97
Scopolamine,Ointment,389,44,3,2,373,83,156,8,9,92.61,40.96
Secukinumab,Tablet,988,15,0,30,374,25,175,12,7,90.55,9.57
Selegiline,Capsule,721,7,0,18,230,95,99,25,11,93.67,0.95
Selumetinib,Syrup,754,8,4,2,471,13,85,27,7,99.52,39.07
Sertraline,Injection,972,39,4,3,94,47,130,11,5,94.62,35.13
Sevelamer,Tablet,171,49,5,22,282,90,108,33,9,90.07,44.32
Sevoflurane,Syrup,562,14,3,48,319,28,149,22,5,97.43,32.67
Sildenafil,Capsule,884,43,5,29,230,18,25,46,4,91.61,35.58
Silodosin,Capsule,495,21,4,38,222,57,66,49,1,93.96,44.58
Simethicone,Injection,225,26,5,46,469,58,95,42,12,91.53,34.6
Simvastatin,Injection,173,27,2,8,397,27,67,12,9,92.31,10.49
Sirolimus,Tablet,902,29,2,42,127,39,79,17,14,93.88,6.15
Sitagliptin,Tablet,848,15,4,13,371,56,189,9,5,98.35,3.6
Sodium,Injection,206,33,4,21,417,98,80,17,3,93.0,36.85
Sofosbuvir,Ointment,197,5,5,20,111,76,118,9,2,96.4,9.43
Sotalol,Syrup,823,43,0,47,249,42,91,34,12,96.1,3.44
Spironolactone,Ointment,287,48,4,18,122,38,128,22,1,100.0,35.78
Stavudine,Capsule,203,22,1,10,245,17,44,9,8,96.06,2.98
Sucralfate,Tablet,334,20,2,28,97,82,50,33,6,90.14,21.25
Sufentanil,Capsule,122,48,5,15,267,92,191,22,1,90.1,7.45
Sugammadex,Ointment,178,35,5,37,57,44,141,48,11,94.12,44.22
Sulbactam,Syrup,443,45,5,20,342,44,21,43,9,94.93,23.2
Sulfadiazine,Capsule,531,6,0,0,121,63,41,38,5,97.59,10.1
Sulfamethoxazole,Tablet,106,28,4,15,425,65,185,18,13,99.73,1.67
Sulfasalazine,Capsule,150,43,2,39,317,60,181,29,4,92.45,37.87
Sulindac,Tablet,639,18,0,25,154,47,197,35,14,99.57,33.49
Sumatriptan,Tablet,322,37,3,48,176,59,92,9,9,94.8,27.9
Sunitinib,Ointment,365,13,2,19,500,44,31,7,5,90.6,20.47
Tacrolimus,Ointment,299,22,4,9,169,61,187,33,5,94.22,42.58
Tadalafil,Capsule,928,19,5,1,397,79,22,20,7,95.13,35.87
Tafamidis,Tablet,739,23,2,6,260,85,21,22,2,95.54,17.73
Tamoxifen,Tablet,885,25,0,20,334,21,28,50,10,94.83,19.7
Tamsulosin,Syrup,997,13,2,42,427,84,188,35,10,91.12,38.19
Tapentadol,Tablet,686,38,5,15,438,40,77,31,9,90.18,21.07
Tazobactam,Ointment,653,10,5,29,410,85,101,16,13,94.47,24.66
Tedizolid,Tablet,638,7,4,27,403,43,122,38,9,97.63,16.17
Telmisartan,Syrup,958,24,2,32,81,89,74,49,5,91.65,10.89
Telotristat,Ointment,575,26,3,28,498,62,150,11,11,94.98,22.6
Temazepam,Tablet,733,48,5,5,87,14,94,11,3,95.93,1.07
Temozolomide,Syrup,236,24,3,50,102,46,110,13,12,94.45,40.58
Temsirolimus,Tablet,982,48,4,26,410,88,89,26,7,99.43,3.12
Tenecteplase,Syrup,397,5,0,17,449,94,198,20,12,98.1,1.43
Tenofovir,Syrup,335,6,1,33,397,75,29,11,2,95.54,16.82
Terazosin,Tablet,295,42,1,21,364,31,172,43,11,97.4,0.69
Terbinafine,Capsule,580,49,0,8,427,45,44,19,4,92.06,38.01
Terbutaline,Syrup,262,39,5,29,309,69,158,48,8,95.38,42.14
Teriflunomide,Tablet,437,18,3,45,159,60,167,21,6,98.76,14.44
Testosterone,Syrup,878,39,3,19,366,26,79,16,1,94.04,41.0
Tetrabenazine,Tablet,841,29,4,4,488,19,82,9,3,92.02,1.26
Tetracaine,Syrup,102,12,3,12,267,24,91,42,6,94.82,8.94
Tetracycline,Ointment,844,6,5,42,60,45,112,48,9,91.46,27.85
Thalidomide,Injection,758,23,4,23,231,74,166,50,9,93.91,22.5
Theophylline,Tablet,905,15,0,45,384,18,70,38,4,91.3,5.74
Thiopental,Syrup,326,40,0,10,341,95,22,29,5,90.08,31.53
Thioridazine,Syrup,274,46,2,45,328,98,126,5,1,98.41,29.0
Thiothixene,Injection,390,42,0,23,87,67,191,27,7,95.42,23.94
Ticagrelor,Tablet,700,31,3,35,257,19,74,40,10,91.3,2.71
Ticlopidine,Injection,204,28,1,20,326,14,174,43,4,93.28,5.41
Tigecycline,Ointment,593,49,0,46,348,54,61,41,9,96.63,36.33
Tildrakizumab,Syrup,796,24,5,34,167,76,68,39,13,93.28,24.72
Timolol,Injection,437,47,3,39,369,30,121,41,13,91.18,17.45
Tinidazole,Ointment,725,5,2,28,377,45,46,24,2,98.71,26.69
Tiotropium,Ointment,619,50,1,19,149,89,177,41,2,97.53,5.1
Tipiracil,Capsule,501,7,3,21,488,24,115,24,4,93.39,10.19
Tipranavir,Tablet,695,19,5,22,477,66,72,31,9,96.94,36.86
Tirofiban,Injection,212,38,5,46,92,66,101,7,11,93.44,1.53
Tizanidine,Ointment,252,16,2,17,413,95,76,22,13,95.29,13.34
Tobramycin,Ointment,139,25,2,12,230,59,194,17,8,93.7,30.78
Tocilizumab,Ointment,957,49,1,45,432,74,51,25,11,90.7,16.69
Tofacitinib,Tablet,745,43,2,8,470,54,156,19,10,94.52,5.51
Tolazamide,Syrup,708,17,4,37,351,32,48,37,7,90.78,30.78
Tolbutamide,Capsule,729,38,4,16,52,67,82,25,1,90.35,24.37
Tolcapone,Syrup,464,44,0,20,496,29,120,40,12,97.73,19.1
Tolvaptan,Syrup,978,44,0,39,396,13,126,23,14,90.41,5.59
Topiramate,Ointment,556,24,5,48,241,46,153,21,2,97.91,42.2
Topotecan,Capsule,992,25,0,0,270,56,167,9,6,92.08,23.16
Toremifene,Tablet,327,50,2,37,317,20,68,13,12,96.4,13.21
Torsemide,Capsule,223,29,0,32,249,83,72,36,13,93.13,16.82
Tramadol,Syrup,212,25,0,39,243,21,61,7,7,98.98,13.97
Trametinib,Syrup,729,37,1,31,258,65,85,13,12,94.3,29.74
Trandolapril,Injection,521,16,4,23,482,16,96,39,14,94.24,46.12
Tranexamic,Injection,402,16,1,34,400,36,187,37,4,94.08,14.73
Tranylcypromine,Tablet,325,31,3,21,225,37,42,7,10,97.65,39.26
Trazodone,Ointment,568,20,4,36,376,69,94,35,2,97.72,19.96
Treprostinil,Injection,534,40,3,24,420,78,69,32,2,91.11,35.39
Tretinoin,Ointment,506,25,3,31,62,100,105,38,2,92.58,3.95
Triamcinolone,Injection,776,26,3,18,184,82,183,38,12,93.6,17.52
Triamterene,Capsule,790,33,4,19,343,34,28,14,8,95.13,12.12
Triazolam,Injection,580,29,1,26,463,55,47,41,3,99.55,35.83
Trifluoperazine,Tablet,313,23,0,48,415,81,115,40,11,97.02,36.52
Trifluridine,Capsule,913,10,2,43,371,62,124,10,4,92.97,43.11
Trimethoprim,Ointment,430,28,1,35,389,76,102,35,1,91.1,32.4
Trimipramine,Capsule,925,14,0,13,63,51,100,19,9,94.98,18.15
Triptorelin,Tablet,849,16,5,18,484,47,144,12,14,96.35,27.25
Trofinetide,Capsule,621,13,3,24,440,15,34,11,3,93.96,37.84
Tropicamide,Capsule,810,21,4,50,435,92,155,7,2,97.39,22.41
Tropisetron,Injection,388,47,2,21,160,60,32,16,9,90.28,24.0
Udenafil,Injection,330,33,5,14,355,87,50,29,4,90.9,32.1
Ulipristal,Capsule,919,36,0,10,445,74,125,20,12,90.34,27.74
Umeclidinium,Tablet,651,8,5,13,387,12,57,31,7,92.64,12.27
Upadacitinib,Tablet,858,46,1,23,371,97,27,21,7,97.04,29.05
Ursodiol,Tablet,204,20,3,40,318,63,161,5,8,92.46,34.52
Ustekinumab,Injection,355,47,5,13,187,68,149,21,6,94.83,44.96
Valacyclovir,Syrup,270,20,1,0,90,90,63,7,11,95.13,3.69
Valbenazine,Syrup,652,11,0,4,296,73,21,38,4,93.97,34.19
Valganciclovir,Capsule,485,28,2,15,136,61,105,5,9,99.62,27.06
Valproate,Tablet,225,11,4,41,171,22,190,9,13,93.49,26.15
Valsartan,Syrup,674,28,2,5,67,58,49,44,4,90.29,32.93
Vancomycin,Capsule,227,9,3,46,103,45,178,48,5,99.74,39.34
Vandetanib,Syrup,116,34,1,23,315,81,45,37,11,99.7,14.95
Vardenafil,Tablet,156,29,0,9,411,53,170,35,10,97.32,6.03
Varicella,Ointment,894,38,4,22,173,57,181,32,2,92.8,12.16
Vecuronium,Capsule,646,37,1,13,207,53,72,7,11,95.05,41.98
Vedolizumab,Capsule,390,47,5,4,206,65,155,6,4,91.55,38.39
Velpatasvir,Capsule,470,25,5,46,108,93,104,39,1,98.49,39.44
Vemurafenib,Injection,930,13,4,4,299,11,162,20,11,91.31,4.54
Venetoclax,Tablet,813,8,4,47,390,87,138,7,4,90.61,26.58
Venlafaxine,Syrup,823,6,4,43,142,24,26,35,11,98.13,4.9
Verapamil,Ointment,259,16,1,10,340,48,115,49,3,95.8,41.18
Vigabatrin,Tablet,723,40,5,38,131,17,55,11,5,94.14,41.06
Vilazodone,Syrup,178,29,5,17,435,38,127,30,11,90.45,21.91
Vildagliptin,Ointment,961,40,4,44,114,32,168,6,12,90.54,40.26
Vinblastine,Ointment,770,17,2,11,204,55,61,37,4,98.99,4.2
Vincristine,Capsule,276,34,1,0,459,99,200,32,10,98.84,23.04
Vinorelbine,Tablet,665,17,5,16,476,40,112,30,11,96.15,49.48
Vismodegib,Syrup,861,18,4,50,499,33,53,44,14,99.29,14.36
Vitamin,Capsule,415,13,0,47,284,52,95,32,10,91.19,16.66
Vorapaxar,Injection,927,28,2,20,152,22,187,36,5,90.17,32.21
Vorinostat,Capsule,238,7,1,32,366,34,137,50,2,99.04,48.35
Vortioxetine,Tablet,253,15,3,25,496,30,146,45,12,92.91,48.16
Warfarin,Injection,795,17,3,43,355,93,189,48,3,91.0,5.59
Zafirlukast,Injection,583,22,2,15,298,56,179,42,3,94.8,30.14
Zalcitabine,Syrup,510,47,4,17,428,94,171,33,2,91.82,5.71
Zaleplon,Tablet,408,47,2,25,142,84,58,15,7,96.06,6.66
Zanubrutinib,Injection,786,42,0,30,407,58,166,20,9,97.95,38.37
Zidovudine,Ointment,757,28,1,1,65,21,50,27,11,99.9,32.93
Zileuton,Syrup,295,44,3,30,161,29,106,18,10,98.19,8.15
Ziprasidone,Injection,766,36,0,20,146,21,52,42,5,92.68,35.79
Zoledronic,Tablet,772,39,5,30,304,84,102,40,1,98.37,35.37
Zolmitriptan,Syrup,129,37,1,15,406,23,64,24,11,92.0,35.23
Zolpidem,Syrup,441,40,2,43,488,85,93,14,2,90.09,10.42
Zonisamide,Injection,423,37,1,35,437,40,94,8,9,97.65,45.88
Zopiclone,Syrup,297,50,4,2,303,72,128,24,10,92.5,42.37
